{"count":1,"self":174.692096,"total":273.8807045,"children":{"InitializeActuators":{"count":1,"self":0.0010322,"total":0.0010322,"children":null},"InitializeSensors":{"count":1,"self":0.0010000999999999999,"total":0.0010000999999999999,"children":null},"AgentSendState":{"count":235951,"self":0.2457169,"total":0.5517198,"children":{"CollectObservations":{"count":11798,"self":0.029660299999999997,"total":0.029660299999999997,"children":null},"WriteActionMask":{"count":11798,"self":0.0061397,"total":0.0061397,"children":null},"RequestDecision":{"count":11798,"self":0.0451936,"total":0.27020289999999997,"children":{"AgentInfo.ToProto":{"count":11798,"self":0.082772,"total":0.2250093,"children":{"GenerateSensorData":{"count":11798,"self":0.14223729999999998,"total":0.14223729999999998,"children":null}}}}}}},"DecideAction":{"count":235951,"self":96.9547712,"total":96.9547717,"children":null},"AgentAct":{"count":235951,"self":1.6288093,"total":1.6785866999999999,"children":{"AgentInfo.ToProto":{"count":3067,"self":0.0185191,"total":0.0497774,"children":{"GenerateSensorData":{"count":3067,"self":0.031258299999999996,"total":0.031258299999999996,"children":null}}}}}},"gauges":{"AirTackeyV2.CumulativeReward":{"count":3067,"max":1,"min":-1.74199712,"runningAverage":0.142668441,"value":-1.18000007,"weightedAverage":-0.03707596}},"metadata":{"timer_format_version":"0.1.0","start_time_seconds":"1729733760","unity_version":"2022.3.27f1","command_line_arguments":"C:\\Program Files\\Unity\\Hub\\Editor\\2022.3.27f1\\Editor\\Unity.exe -projectpath C:\\Users\\User\\AirTakky -useHub -hubIPC -cloudEnvironment production -licensingIpc LicenseClient-User -hubSessionId 0ec2c305-d411-4e76-8894-d263aec4f12f -accessToken 92qEsUc51FFQKik5vLQdeZHNiG2lwaNdEV92aH1y-_w00ef","communication_protocol_version":"1.5.0","com.unity.ml-agents_version":"2.0.1","scene_name":"MLEnemyTest","end_time_seconds":"1729734034"}}