{"count":1,"self":52.327974399999995,"total":80.35879229999999,"children":{"InitializeActuators":{"count":2,"self":0.0026915999999999997,"total":0.0026915999999999997,"children":null},"InitializeSensors":{"count":2,"self":0.0020445999999999997,"total":0.0020445999999999997,"children":null},"AgentSendState":{"count":56501,"self":0.0786513,"total":0.1982257,"children":{"CollectObservations":{"count":5652,"self":0.015046599999999999,"total":0.015046599999999999,"children":null},"WriteActionMask":{"count":5652,"self":0.0057396999999999995,"total":0.0057396999999999995,"children":null},"RequestDecision":{"count":5652,"self":0.0354549,"total":0.09878809999999999,"children":{"AgentInfo.ToProto":{"count":2826,"self":0.0261049,"total":0.063333199999999992,"children":{"GenerateSensorData":{"count":2826,"self":0.0372283,"total":0.0372283,"children":null}}}}}}},"DecideAction":{"count":56501,"self":27.165312,"total":27.1653126,"children":null},"AgentAct":{"count":56501,"self":0.6412116,"total":0.6615298,"children":{"AgentInfo.ToProto":{"count":455,"self":0.0084187,"total":0.020318199999999998,"children":{"GenerateSensorData":{"count":455,"self":0.011899499999999999,"total":0.011899499999999999,"children":null}}}}}},"gauges":{"AirTackeyV2.CumulativeReward":{"count":568,"max":1.062,"min":-2.26799655,"runningAverage":-0.942037642,"value":-0.9999942,"weightedAverage":-0.822087944}},"metadata":{"timer_format_version":"0.1.0","start_time_seconds":"1729757990","unity_version":"2022.3.27f1","command_line_arguments":"C:\\Program Files\\Unity\\Hub\\Editor\\2022.3.27f1\\Editor\\Unity.exe -projectpath C:\\Users\\User\\AirTakky -useHub -hubIPC -cloudEnvironment production -licensingIpc LicenseClient-User -hubSessionId 64c20fc3-8e6c-4ab6-91a4-81e8158b655d -accessToken mlYMAFdFHy-hZ5XjDlKCwQz1CPYw9LTcj2jo8SWKA_w00ef","communication_protocol_version":"1.5.0","com.unity.ml-agents_version":"2.0.1","scene_name":"MLEnemies","end_time_seconds":"1729758071"}}