{"count":1,"self":45.533296,"total":45.6839523,"children":{"InitializeActuators":{"count":1,"self":0.0020001999999999997,"total":0.0020001999999999997,"children":null},"InitializeSensors":{"count":1,"self":0.00099969999999999985,"total":0.00099969999999999985,"children":null},"AgentSendState":{"count":2017,"self":0.0015067,"total":0.012161,"children":{"CollectObservations":{"count":101,"self":0,"total":0,"children":null},"WriteActionMask":{"count":101,"self":0.0015438,"total":0.0015438,"children":null},"RequestDecision":{"count":101,"self":0.0091104999999999988,"total":0.0091104999999999988,"children":null}}},"DecideAction":{"count":2017,"self":0.12169289999999999,"total":0.12169289999999999,"children":null},"AgentAct":{"count":2017,"self":0.012803499999999999,"total":0.012803499999999999,"children":null}},"gauges":{},"metadata":{"timer_format_version":"0.1.0","start_time_seconds":"1729811026","unity_version":"2022.3.27f1","command_line_arguments":"C:\\Program Files\\Unity\\Hub\\Editor\\2022.3.27f1\\Editor\\Unity.exe -projectpath C:\\Users\\User\\AirTakky -useHub -hubIPC -cloudEnvironment production -licensingIpc LicenseClient-User -hubSessionId 27d8f91b-35a9-4b92-b2bf-b549e5634535 -accessToken 2JgP6AqHfAHWKIY5aOvp4IbUm5b95yD_T_KPovC5iDY00ef","communication_protocol_version":"1.5.0","com.unity.ml-agents_version":"2.0.1","scene_name":"Scene_2_(Game)","end_time_seconds":"1729811071"}}